Workbook

Sheet README
A1: Energy Security Index — 2024 Final Ranking
A2: Methodology | B2: Overall score is the weighted average of the four component scores.
A3: Step 1 | B3: Reliability Index (2024): 100 × (generation − wind − solar − tide and wave) / generation.
A4: Step 2 | B4: Energy-source diversity component from the uploaded Step 2 HHI workbook.
A5: Step 3 | B5: Import Security component from the BACI-based Step 3 workbook.
A6: Step 4 | B6: GDP per capita log-normalized component from the Step 4 workbook.
A7: Eligibility | B7: A country must have a numeric score for all four components to receive an overall score.
A8: Default weights | B8: 25% each for Steps 1, 2, 3, and 4.
A9: Final countries ranked | B9: 187
A10: Excluded at final merge | B10: 1
A11: Note | B11: Micronesia has Steps 2–4 but no numeric Step 1 Reliability Index, so it is excluded from the overall ranking.
A12: Audit note | B12: Step 3 scores refreshed 07/10/2026 from 'Step 3. BACI_2024 (corrected).xlsx' (weights 0.40 / 0.20 / 0.20 / 0.20; Guyana I = 0). Overall Ranking rows re-sorted by the new score.

Sheet Parameters
A1: Component | B1: Weight | C1: Notes
A2: Step 1 | B2: 0.25 | C2: Reliability / baseload
A3: Step 2 | B3: 0.25 | C3: Diversity
A4: Step 3 | B4: 0.25 | C4: Import Security
A5: Step 4 | B5: 0.25 | C5: GDP per capita
A6: Weight Sum | B6: =SUM(B2:B5) -> 1 | C6: Should equal 100%

Sheet Step 1 Scores
A1: ISO3 | B1: Country | C1: Step 1 Score
A2: AFG | B2: Afghanistan | C2: 89.133791
A3: ALB | B3: Albania | C3: 95.931653
A4: DZA | B4: Algeria | C4: 98.943859
A5: ASM | B5: American Samoa | C5: 96.683575
A6: AGO | B6: Angola | C6: 97.169875
A7: ATG | B7: Antigua and Barbuda | C7: 92.837092
A8: ARG | B8: Argentina | C8: 86.492032
A9: ARM | B9: Armenia | C9: 90.223005
A10: ABW | B10: Aruba | C10: 83.342204
A11: AUS | B11: Australia | C11: 66.994637
A12: AUT | B12: Austria | C12: 82.364582
A13: AZE | B13: Azerbaijan | C13: 99.399809
... A211: ZWE | B211: Zimbabwe | C211: 99.648631

Sheet Step 2 Scores
A1: ISO3 | B1: Country | C1: Step 2 Score
A2: AFG | B2: Afghanistan | C2: 43.450007
A3: ALB | B3: Albania | C3: 70.495594
A4: DZA | B4: Algeria | C4: 53.454185
A5: ASM | B5: American Samoa | C5: 0
A6: AGO | B6: Angola | C6: 50.189493
A7: ATG | B7: Antigua and Barbuda | C7: 0
A8: ARG | B8: Argentina | C8: 74.309022
A9: ARM | B9: Armenia | C9: 73.52959
A10: ABW | B10: Aruba | C10: 8.1251384
A11: AUS | B11: Australia | C11: 86.305103
A12: AUT | B12: Austria | C12: 82.969147
A13: AZE | B13: Azerbaijan | C13: 58.379833
... A210: ZWE | B210: Zimbabwe | C210: 71.552784

Sheet Step 3 Scores
A1: ISO3 | B1: Country | C1: Step 3 Score
A2: AFG | B2: Afghanistan | C2: 39.765372
A3: ALB | B3: Albania | C3: 85.761554
A4: DZA | B4: Algeria | C4: 100
A5: ASM | B5: American Samoa | C5: 41.747932
A6: AGO | B6: Angola | C6: 100
A7: ATG | B7: Antigua and Barbuda | C7: 40.173408
A8: ARG | B8: Argentina | C8: 100
A9: ARM | B9: Armenia | C9: 46.590796
A10: ABW | B10: Aruba | C10: 35.636133
A11: AUS | B11: Australia | C11: 100
A12: AUT | B12: Austria | C12: 59.899326
A13: AZE | B13: Azerbaijan | C13: 100
... A198: ZWE | B198: Zimbabwe | C198: 81.87199

Sheet Step 4 Scores
A1: ISO3 | B1: Country | C1: GDP per Capita (constant 2015 US$) | D1: Step 4 Score
A2: AFG | B2: Afghanistan | C2: 374.3767 | D2: 5.4620361
A3: ALB | B3: Albania | C3: 6549.2339 | D3: 52.592529
A4: DZA | B4: Algeria | C4: 4765.729 | D4: 47.357204
A5: AGO | B5: Angola | C5: 2798.5939 | D5: 38.590422
A6: ATG | B6: Antigua and Barbuda | C6: 18304.584 | D6: 69.519006
A7: ARG | B7: Argentina | C7: 12774.351 | D7: 63.595052
A8: ARM | B8: Armenia | C8: 5378.318 | D8: 49.348671
A9: ABW | B9: Aruba | C9: 33938.954 | D9: 79.686912
A10: AUS | B10: Australia | C10: 61486.381 | D10: 89.473411
A11: AUT | B11: Austria | C11: 45958.825 | D11: 84.6799
A12: AZE | B12: Azerbaijan | C12: 5876.033 | D12: 50.806243
A13: BHS | B13: Bahamas | C13: 33968.203 | D13: 79.701099
... A189: ZWE | B189: Zimbabwe | C189: 1416.8007 | D189: 27.379989

Sheet Eligibility
A1: ISO3 | B1: Country | C1: Step 1 Score | D1: Step 2 Score | E1: Step 3 Score | F1: Step 4 Score | G1: Eligible for Overall Ranking | H1: Exclusion Reason
A2: AFG | B2: Afghanistan | C2: 89.133791 | D2: 43.450007 | E2: 39.765372 | F2: 5.4620361 | G2: Yes
A3: ALB | B3: Albania | C3: 95.931653 | D3: 70.495594 | E3: 85.761554 | F3: 52.592529 | G3: Yes
A4: DZA | B4: Algeria | C4: 98.943859 | D4: 53.454185 | E4: 100 | F4: 47.357204 | G4: Yes
A5: AGO | B5: Angola | C5: 97.169875 | D5: 50.189493 | E5: 100 | F5: 38.590422 | G5: Yes
A6: ATG | B6: Antigua and Barbuda | C6: 92.837092 | D6: 0 | E6: 40.173408 | F6: 69.519006 | G6: Yes
A7: ARG | B7: Argentina | C7: 86.492032 | D7: 74.309022 | E7: 100 | F7: 63.595052 | G7: Yes
A8: ARM | B8: Armenia | C8: 90.223005 | D8: 73.52959 | E8: 46.590796 | F8: 49.348671 | G8: Yes
A9: ABW | B9: Aruba | C9: 83.342204 | D9: 8.1251384 | E9: 35.636133 | F9: 79.686912 | G9: Yes
A10: AUS | B10: Australia | C10: 66.994637 | D10: 86.305103 | E10: 100 | F10: 89.473411 | G10: Yes
A11: AUT | B11: Austria | C11: 82.364582 | D11: 82.969147 | E11: 59.899326 | F11: 84.6799 | G11: Yes
A12: AZE | B12: Azerbaijan | C12: 99.399809 | D12: 58.379833 | E12: 100 | F12: 50.806243 | G12: Yes
A13: BHS | B13: Bahamas | C13: 99.042598 | D13: 0 | E13: 41.608836 | F13: 79.701099 | G13: Yes
... A188: ZWE | B188: Zimbabwe | C188: 99.648631 | D188: 71.552784 | E188: 81.87199 | F188: 27.379989 | G188: Yes
A189: FSM | B189: FS Micronesia | D189: 0 | E189: 48.500976 | F189: 39.744769 | G189: No | H189: Missing Step 1 score

Sheet Overall Ranking
A1: Overall Rank | B1: Country | C1: ISO3 | D1: Step 1 Score | E1: Step 2 Score | F1: Step 3 Score | G1: Step 4 Score | H1: Overall Score | I1: GDP per Capita (constant 2015 US$)
A2: 1 | B2: Norway | C2: NOR | D2: 90.36141 | E2: 78.79275 | F2: 100 | G2: 94.510772 | H2: =D2*Parameters!$B$2+E2*Parameters!$B$3+F2*Parameters!$B$4+G2*Parameters!$B$5 -> 90.916233 | I2: 83487.133
A3: =A2+1 -> 2 | B3: USA | C3: USA | D3: 82.796874 | E3: 87.763126 | F3: 100 | G3: 90.852376 | H3: =D3*Parameters!$B$2+E3*Parameters!$B$3+F3*Parameters!$B$4+G3*Parameters!$B$5 -> 90.353094 | I3: 66856.513
A4: =A3+1 -> 3 | B4: Canada | C4: CAN | D4: 91.132373 | E4: 83.630858 | F4: 100 | G4: 84.355137 | H4: =D4*Parameters!$B$2+E4*Parameters!$B$3+F4*Parameters!$B$4+G4*Parameters!$B$5 -> 89.779592 | I4: 45061.386
A5: =A4+1 -> 4 | B5: United Arab Emirates | C5: ARE | D5: 94.601704 | E5: 72.013474 | F5: 100 | G5: 83.041019 | H5: =D5*Parameters!$B$2+E5*Parameters!$B$3+F5*Parameters!$B$4+G5*Parameters!$B$5 -> 87.414049 | I5: 41605.414
A6: =A5+1 -> 5 | B6: Switzerland | C6: CHE | D6: 92.299789 | E6: 85.919777 | F6: 71.714088 | G6: 96.291102 | H6: =D6*Parameters!$B$2+E6*Parameters!$B$3+F6*Parameters!$B$4+G6*Parameters!$B$5 -> 86.556189 | I6: 93018.377
A7: =A6+1 -> 6 | B7: Israel | C7: ISR | D7: 89.647647 | E7: 73.631662 | F7: 99.623106 | G7: 83.150156 | H7: =D7*Parameters!$B$2+E7*Parameters!$B$3+F7*Parameters!$B$4+G7*Parameters!$B$5 -> 86.513143 | I7: 41882.047
A8: =A7+1 -> 7 | B8: Malaysia | C8: MYS | D8: 98.71414 | E8: 84.107899 | F8: 100 | G8: 62.404967 | H8: =D8*Parameters!$B$2+E8*Parameters!$B$3+F8*Parameters!$B$4+G8*Parameters!$B$5 -> 86.306751 | I8: 11883.791
A9: =A8+1 -> 8 | B9: Australia | C9: AUS | D9: 66.994637 | E9: 86.305103 | F9: 100 | G9: 89.473411 | H9: =D9*Parameters!$B$2+E9*Parameters!$B$3+F9*Parameters!$B$4+G9*Parameters!$B$5 -> 85.693288 | I9: 61486.381
A10: =A9+1 -> 9 | B10: Russian Federation | C10: RUS | D10: 99.011771 | E10: 80.104104 | F10: 100 | G10: 61.270378 | H10: =D10*Parameters!$B$2+E10*Parameters!$B$3+F10*Parameters!$B$4+G10*Parameters!$B$5 -> 85.096563 | I10: 11092.634
A11: =A10+1 -> 10 | B11: Colombia | C11: COL | D11: 94.9725 | E11: 89.029002 | F11: 100 | G11: 53.368752 | H11: =D11*Parameters!$B$2+E11*Parameters!$B$3+F11*Parameters!$B$4+G11*Parameters!$B$5 -> 84.342563 | I11: 6865.3128
A12: =A11+1 -> 11 | B12: Kazakhstan | C12: KAZ | D12: 95.782077 | E12: 78.92542 | F12: 100 | G12: 62.389706 | H12: =D12*Parameters!$B$2+E12*Parameters!$B$3+F12*Parameters!$B$4+G12*Parameters!$B$5 -> 84.274301 | I12: 11872.784
A13: =A12+1 -> 12 | B13: Kuwait | C13: KWT | D13: 97.75566 | E13: 62.558189 | F13: 100 | G13: 74.076396 | H13: =D13*Parameters!$B$2+E13*Parameters!$B$3+F13*Parameters!$B$4+G13*Parameters!$B$5 -> 83.597561 | I13: 24140.326
A14: =A13+1 -> 13 | B14: Saudi Arabia | C14: SAU | D14: 99.294189 | E14: 59.341037 | F14: 100 | G14: 74.733502 | H14: =D14*Parameters!$B$2+E14*Parameters!$B$3+F14*Parameters!$B$4+G14*Parameters!$B$5 -> 83.342182 | I14: 25123.012
... A188: =A187+1 -> 187 | B188: Somalia | C188: SOM | D188: 80.668677 | E188: 0 | F188: 28.425129 | G188: 9.1122102 | H188: =D188*Parameters!$B$2+E188*Parameters!$B$3+F188*Parameters!$B$4+G188*Parameters!$B$5 -> 29.551504 | I188: 467.26991
